{
  "{vendor}-{uuApp}-{uuSubApp}": {
    "useCaseMap": {
      "sys/uuAppWorkspace/init": {
        "realization": "api/controllers/SubjectManController.init",
        "httpMethod": "POST",
        "type": "CMD"
      },
      "defaultUve": {
        "realization": "index.html",
        "httpMethod": "GET",
        "type": "UVE"
      },
      "sys/uuAppWorkspace/initUve": {
        "realization": "index.html",
        "httpMethod": "GET",
        "type": "UVE"
      },
      "subject/list": {
        "realization": "api/controllers/SubjectController.list",
        "httpMethod": "GET",
        "type": "CMD"
      },
      "subject/get": {
        "realization": "api/controllers/SubjectController.get",
        "httpMethod": "GET",
        "type": "CMD"
      },
      "subject/create": {
        "realization": "api/controllers/SubjectController.create",
        "httpMethod": "POST",
        "type": "CMD"
      },
      "subject/update": {
        "realization": "api/controllers/SubjectController.update",
        "httpMethod": "POST",
        "type": "CMD"
      },
      "topic/create": {
        "realization": "api/controllers/TopicController.create",
        "httpMethod": "POST",
        "type": "CMD"
      },
      "topic/list": {
        "realization": "api/controllers/TopicController.list",
        "httpMethod": "GET",
        "type": "CMD"
      },
      "topic/update": {
        "realization": "api/controllers/TopicController.update",
        "httpMethod": "POST",
        "type": "CMD"
      },
      "topic/remove": {
        "realization": "api/controllers/TopicController.remove",
        "httpMethod": "POST",
        "type": "CMD"
      },
      "studyProgramme/create": {
        "realization": "api/controllers/StudyProgrammeController.create",
        "httpMethod": "POST",
        "type": "CMD"
      },
      "studyProgramme/update": {
        "realization": "api/controllers/StudyProgrammeController.update",
        "httpMethod": "POST",
        "type": "CMD"
      },
      "studyProgramme/list": {
        "realization": "api/controllers/StudyProgrammeController.list",
        "httpMethod": "GET",
        "type": "CMD"
      },
      "studyProgramme/get": {
        "realization": "api/controllers/StudyProgrammeController.get",
        "httpMethod": "GET",
        "type": "CMD"
      }
    }
  }
}